,single_q,double_q,dashes,braces,spaces,badwords,class,Cluster
0,,,,,,,,Cluster 0
1,0.0,0.0,0.0,0.0,0.0,0.0,bad,Cluster 0
2,,,,,,,,Cluster 0
3,0.0,0.0,0.0,0.0,0.0,0.0,bad,Cluster 0
4,,,,,,,,Cluster 0
5,0.0,2.0,0.0,0.0,0.0,1.0,bad,Cluster 0
6,,,,,,,,Cluster 0
7,2.0,1.0,1.0,0.0,0.0,3.0,bad,Cluster 1
8,,,,,,,,Cluster 0
9,2.0,1.0,1.0,0.0,0.0,3.0,bad,Cluster 1
10,,,,,,,,Cluster 0
11,0.0,4.0,0.0,4.0,0.0,1.0,bad,Cluster 2
12,,,,,,,,Cluster 0
13,0.0,1.0,0.0,2.0,0.0,1.0,bad,Cluster 2
14,,,,,,,,Cluster 0
15,0.0,1.0,1.0,1.0,0.0,2.0,bad,Cluster 1
16,,,,,,,,Cluster 0
17,0.0,1.0,1.0,1.0,0.0,2.0,bad,Cluster 1
18,,,,,,,,Cluster 0
19,0.0,1.0,1.0,1.0,0.0,2.0,bad,Cluster 1
20,,,,,,,,Cluster 0
21,0.0,2.0,0.0,1.0,0.0,2.0,bad,Cluster 2
22,,,,,,,,Cluster 0
23,0.0,2.0,0.0,1.0,0.0,2.0,bad,Cluster 2
24,,,,,,,,Cluster 0
25,2.0,1.0,1.0,0.0,0.0,3.0,bad,Cluster 1
26,,,,,,,,Cluster 0
27,0.0,4.0,0.0,2.0,0.0,1.0,bad,Cluster 2
28,,,,,,,,Cluster 0
29,0.0,1.0,0.0,2.0,0.0,1.0,bad,Cluster 2
30,,,,,,,,Cluster 0
31,0.0,1.0,1.0,1.0,0.0,2.0,bad,Cluster 1
32,,,,,,,,Cluster 0
33,0.0,1.0,1.0,1.0,0.0,2.0,bad,Cluster 1
34,,,,,,,,Cluster 0
35,0.0,2.0,0.0,1.0,0.0,2.0,bad,Cluster 2
36,,,,,,,,Cluster 0
37,0.0,2.0,0.0,1.0,0.0,2.0,bad,Cluster 2
38,,,,,,,,Cluster 0
39,0.0,2.0,0.0,1.0,0.0,2.0,bad,Cluster 2
40,,,,,,,,Cluster 0
41,1.0,1.0,2.0,0.0,0.0,1.0,bad,Cluster 1
42,,,,,,,,Cluster 0
43,2.0,1.0,1.0,0.0,0.0,3.0,bad,Cluster 1
44,,,,,,,,Cluster 0
45,2.0,1.0,1.0,0.0,0.0,3.0,bad,Cluster 1
46,,,,,,,,Cluster 0
47,0.0,2.0,0.0,0.0,0.0,1.0,bad,Cluster 0
48,,,,,,,,Cluster 0
49,0.0,2.0,0.0,0.0,0.0,1.0,bad,Cluster 0
50,,,,,,,,Cluster 0
51,0.0,8.0,0.0,0.0,0.0,1.0,bad,Cluster 0
52,,,,,,,,Cluster 0
53,0.0,4.0,0.0,0.0,0.0,1.0,bad,Cluster 0
54,,,,,,,,Cluster 0
55,0.0,4.0,0.0,0.0,0.0,1.0,bad,Cluster 0
56,,,,,,,,Cluster 0
57,0.0,4.0,0.0,0.0,0.0,1.0,bad,Cluster 0
58,,,,,,,,Cluster 0
59,0.0,4.0,0.0,0.0,0.0,1.0,bad,Cluster 0
60,,,,,,,,Cluster 0
61,0.0,4.0,0.0,0.0,0.0,1.0,bad,Cluster 0
62,,,,,,,,Cluster 0
63,0.0,4.0,0.0,0.0,0.0,1.0,bad,Cluster 0
64,,,,,,,,Cluster 0
65,0.0,1.0,1.0,0.0,0.0,1.0,bad,Cluster 1
66,,,,,,,,Cluster 0
67,0.0,1.0,0.0,2.0,0.0,1.0,bad,Cluster 2
68,,,,,,,,Cluster 0
69,0.0,1.0,0.0,1.0,0.0,1.0,bad,Cluster 2
70,,,,,,,,Cluster 0
71,0.0,1.0,1.0,1.0,0.0,2.0,bad,Cluster 1
72,,,,,,,,Cluster 0
73,0.0,1.0,1.0,1.0,0.0,2.0,bad,Cluster 1
74,,,,,,,,Cluster 0
75,0.0,1.0,0.0,1.0,0.0,2.0,bad,Cluster 2
76,,,,,,,,Cluster 0
77,0.0,1.0,0.0,1.0,0.0,2.0,bad,Cluster 2
78,,,,,,,,Cluster 0
79,0.0,2.0,0.0,1.0,0.0,2.0,bad,Cluster 2
80,,,,,,,,Cluster 0
81,0.0,1.0,1.0,0.0,0.0,1.0,bad,Cluster 1
82,,,,,,,,Cluster 0
83,0.0,2.0,0.0,0.0,0.0,1.0,bad,Cluster 0
84,,,,,,,,Cluster 0
85,0.0,4.0,1.0,0.0,0.0,1.0,bad,Cluster 1
86,,,,,,,,Cluster 0
87,0.0,4.0,1.0,0.0,0.0,1.0,bad,Cluster 1
88,,,,,,,,Cluster 0
89,0.0,10.0,0.0,1.0,0.0,1.0,bad,Cluster 2
90,,,,,,,,Cluster 0
91,0.0,0.0,0.0,1.0,0.0,2.0,bad,Cluster 2
92,,,,,,,,Cluster 0
93,2.0,0.0,0.0,0.0,0.0,2.0,bad,Cluster 3
94,,,,,,,,Cluster 0
95,3.0,0.0,0.0,0.0,0.0,1.0,bad,Cluster 3
96,,,,,,,,Cluster 0
97,3.0,0.0,0.0,0.0,0.0,1.0,bad,Cluster 3
98,,,,,,,,Cluster 0
99,0.0,0.0,0.0,0.0,0.0,1.0,bad,Cluster 0
100,,,,,,,,Cluster 0
101,0.0,0.0,0.0,0.0,0.0,1.0,bad,Cluster 0
102,,,,,,,,Cluster 0
103,0.0,0.0,0.0,0.0,0.0,1.0,bad,Cluster 0
104,,,,,,,,Cluster 0
105,0.0,0.0,0.0,0.0,0.0,1.0,bad,Cluster 0
106,,,,,,,,Cluster 0
107,2.0,0.0,0.0,0.0,0.0,1.0,bad,Cluster 3
108,,,,,,,,Cluster 0
109,4.0,0.0,0.0,4.0,0.0,1.0,bad,Cluster 2
110,,,,,,,,Cluster 0
111,1.0,0.0,1.0,1.0,0.0,2.0,bad,Cluster 1
112,,,,,,,,Cluster 0
113,2.0,0.0,0.0,1.0,0.0,2.0,bad,Cluster 2
114,,,,,,,,Cluster 0
115,3.0,0.0,1.0,0.0,0.0,3.0,bad,Cluster 1
116,,,,,,,,Cluster 0
117,4.0,0.0,0.0,1.0,0.0,1.0,bad,Cluster 3
118,,,,,,,,Cluster 0
119,4.0,0.0,0.0,2.0,0.0,1.0,bad,Cluster 3
120,,,,,,,,Cluster 0
121,1.0,0.0,1.0,1.0,0.0,2.0,bad,Cluster 1
122,,,,,,,,Cluster 0
123,2.0,0.0,0.0,1.0,0.0,2.0,bad,Cluster 2
124,,,,,,,,Cluster 0
125,1.0,0.0,0.0,0.0,0.0,1.0,bad,Cluster 0
126,,,,,,,,Cluster 0
127,3.0,0.0,1.0,0.0,0.0,3.0,bad,Cluster 1
128,,,,,,,,Cluster 0
129,2.0,0.0,0.0,0.0,0.0,1.0,bad,Cluster 3
130,,,,,,,,Cluster 0
131,2.0,0.0,0.0,0.0,0.0,1.0,bad,Cluster 3
132,,,,,,,,Cluster 0
133,1.0,0.0,0.0,1.0,0.0,2.0,bad,Cluster 2
134,,,,,,,,Cluster 0
135,1.0,0.0,0.0,0.0,0.0,1.0,bad,Cluster 0
136,,,,,,,,Cluster 0
137,1.0,0.0,0.0,0.0,0.0,1.0,bad,Cluster 0
138,,,,,,,,Cluster 0
139,4.0,0.0,0.0,0.0,0.0,1.0,bad,Cluster 3
140,,,,,,,,Cluster 0
141,4.0,0.0,0.0,0.0,0.0,1.0,bad,Cluster 3
142,,,,,,,,Cluster 0
143,4.0,0.0,0.0,0.0,0.0,1.0,bad,Cluster 3
144,,,,,,,,Cluster 0
145,4.0,0.0,0.0,0.0,0.0,1.0,bad,Cluster 3
146,,,,,,,,Cluster 0
147,4.0,0.0,0.0,0.0,0.0,1.0,bad,Cluster 3
148,,,,,,,,Cluster 0
149,4.0,0.0,0.0,0.0,0.0,1.0,bad,Cluster 3
150,,,,,,,,Cluster 0
151,5.0,0.0,1.0,0.0,0.0,1.0,bad,Cluster 3
152,,,,,,,,Cluster 0
153,4.0,0.0,0.0,0.0,0.0,1.0,bad,Cluster 3
154,,,,,,,,Cluster 0
155,1.0,0.0,0.0,1.0,0.0,1.0,bad,Cluster 2
156,,,,,,,,Cluster 0
157,1.0,0.0,0.0,0.0,0.0,1.0,bad,Cluster 0
158,,,,,,,,Cluster 0
159,4.0,0.0,0.0,0.0,0.0,1.0,bad,Cluster 3
160,,,,,,,,Cluster 0
161,1.0,0.0,1.0,0.0,0.0,1.0,bad,Cluster 1
162,,,,,,,,Cluster 0
163,2.0,0.0,1.0,0.0,0.0,1.0,bad,Cluster 1
164,,,,,,,,Cluster 0
165,1.0,0.0,0.0,0.0,0.0,1.0,bad,Cluster 0
166,,,,,,,,Cluster 0
167,1.0,0.0,1.0,0.0,0.0,1.0,bad,Cluster 1
168,,,,,,,,Cluster 0
169,1.0,0.0,1.0,1.0,0.0,2.0,bad,Cluster 1
170,,,,,,,,Cluster 0
171,1.0,0.0,0.0,1.0,0.0,2.0,bad,Cluster 2
172,,,,,,,,Cluster 0
173,2.0,0.0,0.0,1.0,0.0,2.0,bad,Cluster 2
174,,,,,,,,Cluster 0
175,1.0,0.0,1.0,0.0,0.0,1.0,bad,Cluster 1
176,,,,,,,,Cluster 0
177,2.0,0.0,0.0,0.0,0.0,2.0,bad,Cluster 3
178,,,,,,,,Cluster 0
179,2.0,0.0,0.0,0.0,0.0,1.0,bad,Cluster 3
180,,,,,,,,Cluster 0
181,2.0,0.0,0.0,0.0,0.0,1.0,bad,Cluster 3
182,,,,,,,,Cluster 0
183,2.0,0.0,0.0,0.0,0.0,1.0,bad,Cluster 3
184,,,,,,,,Cluster 0
185,2.0,0.0,0.0,0.0,0.0,1.0,bad,Cluster 3
186,,,,,,,,Cluster 0
187,2.0,0.0,0.0,0.0,0.0,1.0,bad,Cluster 3
188,,,,,,,,Cluster 0
189,6.0,0.0,0.0,0.0,0.0,1.0,bad,Cluster 3
190,,,,,,,,Cluster 0
191,0.0,0.0,0.0,1.0,0.0,1.0,bad,Cluster 2
192,,,,,,,,Cluster 0
193,0.0,0.0,0.0,1.0,0.0,2.0,bad,Cluster 2
194,,,,,,,,Cluster 0
195,3.0,0.0,0.0,1.0,0.0,1.0,bad,Cluster 3
196,,,,,,,,Cluster 0
197,2.0,0.0,1.0,0.0,0.0,3.0,bad,Cluster 1
198,,,,,,,,Cluster 0
199,0.0,0.0,0.0,2.0,0.0,1.0,bad,Cluster 2
200,,,,,,,,Cluster 0
201,0.0,0.0,1.0,1.0,0.0,2.0,bad,Cluster 1
202,,,,,,,,Cluster 0
203,1.0,0.0,0.0,1.0,0.0,2.0,bad,Cluster 2
204,,,,,,,,Cluster 0
205,2.0,0.0,1.0,0.0,0.0,3.0,bad,Cluster 1
206,,,,,,,,Cluster 0
207,2.0,0.0,1.0,0.0,0.0,3.0,bad,Cluster 1
208,,,,,,,,Cluster 0
209,3.0,0.0,0.0,1.0,0.0,1.0,bad,Cluster 3
210,,,,,,,,Cluster 0
211,0.0,0.0,0.0,1.0,0.0,1.0,bad,Cluster 2
212,,,,,,,,Cluster 0
213,0.0,0.0,0.0,2.0,0.0,1.0,bad,Cluster 2
214,,,,,,,,Cluster 0
215,0.0,0.0,1.0,1.0,0.0,2.0,bad,Cluster 1
216,,,,,,,,Cluster 0
217,1.0,0.0,0.0,1.0,0.0,2.0,bad,Cluster 2
218,,,,,,,,Cluster 0
219,0.0,0.0,0.0,0.0,0.0,3.0,bad,Cluster 2
220,,,,,,,,Cluster 0
221,0.0,0.0,0.0,0.0,0.0,1.0,bad,Cluster 0
222,,,,,,,,Cluster 0
223,0.0,0.0,0.0,0.0,0.0,1.0,bad,Cluster 0
224,,,,,,,,Cluster 0
225,1.0,0.0,0.0,1.0,0.0,1.0,bad,Cluster 2
226,,,,,,,,Cluster 0
227,6.0,0.0,0.0,1.0,0.0,1.0,bad,Cluster 3
228,,,,,,,,Cluster 0
229,0.0,0.0,0.0,0.0,0.0,1.0,bad,Cluster 0
230,,,,,,,,Cluster 0
231,2.0,0.0,1.0,0.0,0.0,1.0,bad,Cluster 1
232,,,,,,,,Cluster 0
233,0.0,0.0,0.0,0.0,0.0,1.0,bad,Cluster 0
234,,,,,,,,Cluster 0
235,6.0,0.0,0.0,0.0,0.0,1.0,bad,Cluster 3
236,,,,,,,,Cluster 0
237,4.0,0.0,0.0,0.0,0.0,1.0,bad,Cluster 3
238,,,,,,,,Cluster 0
239,2.0,0.0,1.0,0.0,0.0,3.0,bad,Cluster 1
240,,,,,,,,Cluster 0
241,2.0,0.0,1.0,0.0,0.0,3.0,bad,Cluster 1
242,,,,,,,,Cluster 0
243,0.0,0.0,1.0,0.0,0.0,2.0,bad,Cluster 1
244,,,,,,,,Cluster 0
245,0.0,0.0,0.0,0.0,0.0,1.0,bad,Cluster 0
246,,,,,,,,Cluster 0
247,0.0,0.0,0.0,6.0,0.0,1.0,bad,Cluster 2
248,,,,,,,,Cluster 0
249,0.0,0.0,1.0,0.0,0.0,1.0,bad,Cluster 1
250,,,,,,,,Cluster 0
251,0.0,4.0,0.0,0.0,0.0,1.0,bad,Cluster 0
252,,,,,,,,Cluster 0
253,0.0,0.0,0.0,0.0,0.0,1.0,bad,Cluster 0
254,,,,,,,,Cluster 0
255,0.0,0.0,1.0,0.0,0.0,1.0,bad,Cluster 1
256,,,,,,,,Cluster 0
257,0.0,0.0,1.0,0.0,0.0,1.0,bad,Cluster 1
258,,,,,,,,Cluster 0
259,0.0,0.0,0.0,0.0,0.0,1.0,bad,Cluster 0
260,,,,,,,,Cluster 0
261,0.0,0.0,0.0,0.0,0.0,1.0,bad,Cluster 0
262,,,,,,,,Cluster 0
263,0.0,1.0,1.0,0.0,0.0,1.0,bad,Cluster 1
264,,,,,,,,Cluster 0
265,0.0,0.0,1.0,1.0,0.0,2.0,bad,Cluster 1
266,,,,,,,,Cluster 0
267,0.0,0.0,1.0,0.0,0.0,1.0,bad,Cluster 1
268,,,,,,,,Cluster 0
269,4.0,0.0,1.0,0.0,0.0,1.0,bad,Cluster 3
270,,,,,,,,Cluster 0
271,3.0,0.0,0.0,0.0,0.0,1.0,bad,Cluster 3
272,,,,,,,,Cluster 0
273,4.0,0.0,0.0,0.0,0.0,1.0,bad,Cluster 3
274,,,,,,,,Cluster 0
275,4.0,0.0,0.0,1.0,0.0,1.0,bad,Cluster 3
276,,,,,,,,Cluster 0
277,0.0,0.0,0.0,1.0,0.0,1.0,bad,Cluster 2
278,,,,,,,,Cluster 0
279,0.0,0.0,0.0,0.0,0.0,1.0,bad,Cluster 0
280,,,,,,,,Cluster 0
281,0.0,0.0,1.0,0.0,0.0,1.0,bad,Cluster 1
282,,,,,,,,Cluster 0
283,0.0,0.0,0.0,0.0,0.0,1.0,bad,Cluster 0
284,,,,,,,,Cluster 0
285,0.0,0.0,0.0,0.0,0.0,1.0,bad,Cluster 0
286,,,,,,,,Cluster 0
287,0.0,2.0,0.0,0.0,0.0,1.0,bad,Cluster 0
288,,,,,,,,Cluster 0
289,1.0,0.0,1.0,0.0,0.0,1.0,bad,Cluster 1
290,,,,,,,,Cluster 0
291,0.0,0.0,0.0,0.0,0.0,1.0,bad,Cluster 0
292,,,,,,,,Cluster 0
293,0.0,0.0,0.0,0.0,0.0,1.0,bad,Cluster 0
294,,,,,,,,Cluster 0
295,0.0,0.0,0.0,0.0,0.0,1.0,bad,Cluster 0
296,,,,,,,,Cluster 0
297,0.0,0.0,0.0,0.0,0.0,1.0,bad,Cluster 0
298,,,,,,,,Cluster 0
299,0.0,0.0,0.0,0.0,0.0,1.0,bad,Cluster 0
300,,,,,,,,Cluster 0
301,0.0,0.0,0.0,2.0,0.0,1.0,bad,Cluster 2
302,,,,,,,,Cluster 0
303,0.0,0.0,1.0,0.0,0.0,3.0,bad,Cluster 1
304,,,,,,,,Cluster 0
305,0.0,0.0,1.0,0.0,0.0,3.0,bad,Cluster 1
306,,,,,,,,Cluster 0
307,0.0,0.0,0.0,0.0,0.0,3.0,bad,Cluster 2
308,,,,,,,,Cluster 0
309,0.0,0.0,1.0,0.0,0.0,1.0,bad,Cluster 1
310,,,,,,,,Cluster 0
311,0.0,0.0,0.0,0.0,0.0,1.0,bad,Cluster 0
312,,,,,,,,Cluster 0
313,0.0,0.0,0.0,0.0,0.0,1.0,bad,Cluster 0
314,,,,,,,,Cluster 0
315,0.0,0.0,0.0,0.0,0.0,1.0,bad,Cluster 0
316,,,,,,,,Cluster 0
317,0.0,0.0,0.0,0.0,0.0,1.0,bad,Cluster 0
318,,,,,,,,Cluster 0
319,0.0,0.0,0.0,0.0,0.0,1.0,bad,Cluster 0
320,,,,,,,,Cluster 0
321,0.0,0.0,0.0,2.0,0.0,1.0,bad,Cluster 2
322,,,,,,,,Cluster 0
323,0.0,0.0,1.0,1.0,0.0,2.0,bad,Cluster 1
324,,,,,,,,Cluster 0
325,0.0,0.0,1.0,1.0,0.0,2.0,bad,Cluster 1
326,,,,,,,,Cluster 0
327,0.0,0.0,0.0,1.0,0.0,2.0,bad,Cluster 2
328,,,,,,,,Cluster 0
329,0.0,0.0,0.0,1.0,0.0,2.0,bad,Cluster 2
330,,,,,,,,Cluster 0
331,0.0,0.0,0.0,2.0,0.0,1.0,bad,Cluster 2
332,,,,,,,,Cluster 0
333,0.0,0.0,1.0,1.0,0.0,2.0,bad,Cluster 1
334,,,,,,,,Cluster 0
335,0.0,0.0,1.0,1.0,0.0,2.0,bad,Cluster 1
336,,,,,,,,Cluster 0
337,0.0,0.0,0.0,1.0,0.0,2.0,bad,Cluster 2
338,,,,,,,,Cluster 0
339,0.0,0.0,0.0,1.0,0.0,2.0,bad,Cluster 2
340,,,,,,,,Cluster 0
341,0.0,0.0,0.0,3.0,0.0,1.0,bad,Cluster 2
342,,,,,,,,Cluster 0
343,0.0,0.0,0.0,0.0,0.0,1.0,bad,Cluster 0
344,,,,,,,,Cluster 0
345,0.0,0.0,0.0,2.0,0.0,1.0,bad,Cluster 2
346,,,,,,,,Cluster 0
347,0.0,0.0,1.0,1.0,0.0,2.0,bad,Cluster 1
348,,,,,,,,Cluster 0
349,0.0,0.0,1.0,1.0,0.0,2.0,bad,Cluster 1
350,,,,,,,,Cluster 0
351,0.0,0.0,0.0,1.0,0.0,2.0,bad,Cluster 2
352,,,,,,,,Cluster 0
353,0.0,0.0,0.0,1.0,0.0,2.0,bad,Cluster 2
354,,,,,,,,Cluster 0
355,0.0,3.0,0.0,0.0,0.0,1.0,bad,Cluster 0
356,,,,,,,,Cluster 0
357,3.0,0.0,0.0,0.0,0.0,1.0,bad,Cluster 3
358,,,,,,,,Cluster 0
359,0.0,0.0,0.0,0.0,0.0,1.0,bad,Cluster 0
360,,,,,,,,Cluster 0
361,0.0,0.0,0.0,0.0,0.0,1.0,bad,Cluster 0
362,,,,,,,,Cluster 0
363,0.0,0.0,0.0,0.0,0.0,1.0,bad,Cluster 0
364,,,,,,,,Cluster 0
365,1.0,0.0,0.0,0.0,0.0,1.0,bad,Cluster 0
366,,,,,,,,Cluster 0
367,4.0,0.0,0.0,0.0,0.0,1.0,bad,Cluster 3
368,,,,,,,,Cluster 0
369,1.0,0.0,1.0,0.0,0.0,1.0,bad,Cluster 1
370,,,,,,,,Cluster 0
371,1.0,0.0,1.0,0.0,0.0,1.0,bad,Cluster 1
372,,,,,,,,Cluster 0
373,3.0,0.0,1.0,0.0,0.0,3.0,bad,Cluster 1
374,,,,,,,,Cluster 0
375,0.0,0.0,0.0,0.0,0.0,1.0,bad,Cluster 0
376,,,,,,,,Cluster 0
377,0.0,5.0,0.0,0.0,0.0,1.0,bad,Cluster 0
378,,,,,,,,Cluster 0
379,0.0,5.0,0.0,0.0,0.0,1.0,bad,Cluster 0
380,,,,,,,,Cluster 0
381,0.0,5.0,1.0,0.0,0.0,1.0,bad,Cluster 1
382,,,,,,,,Cluster 0
383,0.0,4.0,0.0,0.0,0.0,1.0,bad,Cluster 0
384,,,,,,,,Cluster 0
385,0.0,5.0,0.0,1.0,0.0,1.0,bad,Cluster 2
386,,,,,,,,Cluster 0
387,0.0,5.0,0.0,1.0,0.0,1.0,bad,Cluster 2
388,,,,,,,,Cluster 0
389,0.0,5.0,1.0,1.0,0.0,1.0,bad,Cluster 1
390,,,,,,,,Cluster 0
391,0.0,4.0,0.0,1.0,0.0,1.0,bad,Cluster 2
392,,,,,,,,Cluster 0
393,0.0,5.0,0.0,0.0,0.0,1.0,bad,Cluster 0
394,,,,,,,,Cluster 0
395,0.0,5.0,0.0,0.0,0.0,1.0,bad,Cluster 0
396,,,,,,,,Cluster 0
397,0.0,5.0,1.0,0.0,0.0,1.0,bad,Cluster 1
398,,,,,,,,Cluster 0
399,0.0,4.0,0.0,0.0,0.0,1.0,bad,Cluster 0
400,,,,,,,,Cluster 0
401,0.0,1.0,0.0,0.0,0.0,1.0,bad,Cluster 0
402,,,,,,,,Cluster 0
403,0.0,1.0,0.0,0.0,0.0,1.0,bad,Cluster 0
404,,,,,,,,Cluster 0
405,0.0,4.0,0.0,0.0,0.0,1.0,bad,Cluster 0
406,,,,,,,,Cluster 0
407,0.0,4.0,0.0,0.0,0.0,1.0,bad,Cluster 0
408,,,,,,,,Cluster 0
409,5.0,0.0,0.0,0.0,0.0,1.0,bad,Cluster 3
410,,,,,,,,Cluster 0
411,5.0,0.0,0.0,0.0,0.0,1.0,bad,Cluster 3
412,,,,,,,,Cluster 0
413,5.0,0.0,1.0,0.0,0.0,1.0,bad,Cluster 3
414,,,,,,,,Cluster 0
415,4.0,0.0,0.0,0.0,0.0,1.0,bad,Cluster 3
416,,,,,,,,Cluster 0
417,5.0,0.0,0.0,1.0,0.0,1.0,bad,Cluster 3
418,,,,,,,,Cluster 0
419,5.0,0.0,0.0,1.0,0.0,1.0,bad,Cluster 3
420,,,,,,,,Cluster 0
421,5.0,0.0,1.0,1.0,0.0,1.0,bad,Cluster 3
422,,,,,,,,Cluster 0
423,4.0,0.0,0.0,1.0,0.0,1.0,bad,Cluster 3
424,,,,,,,,Cluster 0
425,1.0,0.0,0.0,0.0,0.0,1.0,bad,Cluster 0
426,,,,,,,,Cluster 0
427,1.0,0.0,0.0,0.0,0.0,1.0,bad,Cluster 0
428,,,,,,,,Cluster 0
429,1.0,0.0,1.0,0.0,0.0,1.0,bad,Cluster 1
430,,,,,,,,Cluster 0
431,2.0,0.0,0.0,0.0,0.0,1.0,bad,Cluster 3
432,,,,,,,,Cluster 0
433,5.0,0.0,0.0,0.0,0.0,1.0,bad,Cluster 3
434,,,,,,,,Cluster 0
435,5.0,0.0,0.0,0.0,0.0,1.0,bad,Cluster 3
436,,,,,,,,Cluster 0
437,5.0,0.0,0.0,0.0,0.0,1.0,bad,Cluster 3
438,,,,,,,,Cluster 0
439,5.0,0.0,1.0,0.0,0.0,1.0,bad,Cluster 3
440,,,,,,,,Cluster 0
441,4.0,0.0,0.0,0.0,0.0,1.0,bad,Cluster 3
442,,,,,,,,Cluster 0
443,1.0,0.0,0.0,0.0,0.0,1.0,bad,Cluster 0
444,,,,,,,,Cluster 0
445,1.0,0.0,0.0,0.0,0.0,1.0,bad,Cluster 0
446,,,,,,,,Cluster 0
447,1.0,0.0,0.0,0.0,0.0,1.0,bad,Cluster 0
448,,,,,,,,Cluster 0
449,1.0,0.0,1.0,0.0,0.0,1.0,bad,Cluster 1
450,,,,,,,,Cluster 0
451,4.0,0.0,0.0,0.0,0.0,1.0,bad,Cluster 3
452,,,,,,,,Cluster 0
453,0.0,0.0,0.0,5.0,0.0,1.0,bad,Cluster 2
454,,,,,,,,Cluster 0
455,4.0,0.0,0.0,0.0,0.0,1.0,bad,Cluster 3
456,,,,,,,,Cluster 0
457,0.0,0.0,0.0,0.0,0.0,1.0,bad,Cluster 0
458,,,,,,,,Cluster 0
459,0.0,0.0,0.0,2.0,0.0,1.0,bad,Cluster 2
460,,,,,,,,Cluster 0
461,0.0,0.0,0.0,2.0,0.0,1.0,bad,Cluster 2
462,,,,,,,,Cluster 0
463,0.0,0.0,0.0,0.0,0.0,1.0,bad,Cluster 0
464,,,,,,,,Cluster 0
465,0.0,0.0,0.0,1.0,0.0,2.0,bad,Cluster 2
466,,,,,,,,Cluster 0
467,0.0,0.0,0.0,1.0,0.0,2.0,bad,Cluster 2
468,,,,,,,,Cluster 0
469,0.0,0.0,0.0,1.0,0.0,2.0,bad,Cluster 2
470,,,,,,,,Cluster 0
471,0.0,0.0,0.0,1.0,0.0,2.0,bad,Cluster 2
472,,,,,,,,Cluster 0
473,0.0,0.0,0.0,1.0,0.0,2.0,bad,Cluster 2
474,,,,,,,,Cluster 0
475,0.0,0.0,0.0,0.0,0.0,1.0,bad,Cluster 0
476,,,,,,,,Cluster 0
477,0.0,0.0,0.0,0.0,0.0,1.0,bad,Cluster 0
478,,,,,,,,Cluster 0
479,0.0,0.0,0.0,0.0,0.0,1.0,bad,Cluster 0
480,,,,,,,,Cluster 0
481,0.0,0.0,0.0,1.0,0.0,2.0,bad,Cluster 2
482,,,,,,,,Cluster 0
483,0.0,0.0,0.0,1.0,0.0,1.0,bad,Cluster 2
484,,,,,,,,Cluster 0
485,0.0,0.0,0.0,0.0,0.0,1.0,bad,Cluster 0
486,,,,,,,,Cluster 0
487,0.0,0.0,0.0,0.0,0.0,1.0,bad,Cluster 0
488,,,,,,,,Cluster 0
489,0.0,0.0,0.0,0.0,0.0,1.0,bad,Cluster 0
490,,,,,,,,Cluster 0
491,4.0,0.0,0.0,1.0,0.0,1.0,bad,Cluster 3
492,,,,,,,,Cluster 0
493,4.0,0.0,0.0,0.0,0.0,1.0,bad,Cluster 3
494,,,,,,,,Cluster 0
495,5.0,0.0,0.0,0.0,0.0,1.0,bad,Cluster 3
496,,,,,,,,Cluster 0
497,1.0,0.0,1.0,0.0,0.0,1.0,bad,Cluster 1
498,,,,,,,,Cluster 0
499,0.0,1.0,1.0,0.0,0.0,1.0,bad,Cluster 1
500,,,,,,,,Cluster 0
501,0.0,0.0,0.0,0.0,0.0,1.0,bad,Cluster 0
502,,,,,,,,Cluster 0
503,0.0,0.0,0.0,0.0,0.0,1.0,bad,Cluster 0
504,,,,,,,,Cluster 0
505,0.0,0.0,0.0,0.0,0.0,1.0,bad,Cluster 0
506,,,,,,,,Cluster 0
507,0.0,0.0,0.0,0.0,0.0,1.0,bad,Cluster 0
508,,,,,,,,Cluster 0
509,0.0,0.0,0.0,0.0,0.0,1.0,bad,Cluster 0
510,,,,,,,,Cluster 0
511,0.0,0.0,1.0,0.0,0.0,1.0,bad,Cluster 1
512,,,,,,,,Cluster 0
513,3.0,0.0,0.0,0.0,0.0,1.0,bad,Cluster 3
514,,,,,,,,Cluster 0
515,3.0,0.0,0.0,0.0,0.0,1.0,bad,Cluster 3
516,,,,,,,,Cluster 0
517,3.0,0.0,0.0,0.0,0.0,1.0,bad,Cluster 3
518,,,,,,,,Cluster 0
519,3.0,0.0,0.0,0.0,0.0,1.0,bad,Cluster 3
520,,,,,,,,Cluster 0
521,6.0,0.0,0.0,0.0,0.0,1.0,bad,Cluster 3
522,,,,,,,,Cluster 0
523,4.0,0.0,0.0,0.0,0.0,1.0,bad,Cluster 3
524,,,,,,,,Cluster 0
525,4.0,0.0,0.0,0.0,0.0,1.0,bad,Cluster 3
526,,,,,,,,Cluster 0
527,0.0,1.0,0.0,0.0,0.0,1.0,bad,Cluster 0
528,,,,,,,,Cluster 0
529,0.0,0.0,0.0,0.0,0.0,1.0,bad,Cluster 0
530,,,,,,,,Cluster 0
531,0.0,0.0,1.0,0.0,0.0,1.0,bad,Cluster 1
532,,,,,,,,Cluster 0
533,0.0,0.0,0.0,0.0,0.0,1.0,bad,Cluster 0
534,,,,,,,,Cluster 0
535,0.0,0.0,0.0,0.0,0.0,1.0,bad,Cluster 0
536,,,,,,,,Cluster 0
537,0.0,0.0,0.0,0.0,0.0,1.0,bad,Cluster 0
538,,,,,,,,Cluster 0
539,0.0,0.0,0.0,0.0,0.0,1.0,bad,Cluster 0
540,,,,,,,,Cluster 0
541,0.0,0.0,0.0,0.0,0.0,1.0,bad,Cluster 0
542,,,,,,,,Cluster 0
543,0.0,2.0,0.0,0.0,0.0,1.0,bad,Cluster 0
544,,,,,,,,Cluster 0
545,3.0,0.0,0.0,0.0,0.0,1.0,bad,Cluster 3
546,,,,,,,,Cluster 0
547,0.0,0.0,1.0,0.0,0.0,1.0,bad,Cluster 1
548,,,,,,,,Cluster 0
549,0.0,0.0,1.0,0.0,0.0,1.0,bad,Cluster 1
550,,,,,,,,Cluster 0
551,0.0,0.0,1.0,0.0,0.0,1.0,bad,Cluster 1
552,,,,,,,,Cluster 0
553,0.0,0.0,1.0,1.0,0.0,2.0,bad,Cluster 1
554,,,,,,,,Cluster 0
555,0.0,0.0,0.0,0.0,0.0,1.0,bad,Cluster 0
556,,,,,,,,Cluster 0
557,0.0,0.0,1.0,0.0,0.0,1.0,bad,Cluster 1
558,,,,,,,,Cluster 0
559,0.0,0.0,0.0,0.0,0.0,1.0,bad,Cluster 0
560,,,,,,,,Cluster 0
561,0.0,0.0,0.0,1.0,0.0,1.0,bad,Cluster 2
562,,,,,,,,Cluster 0
563,0.0,0.0,1.0,1.0,0.0,2.0,bad,Cluster 1
564,,,,,,,,Cluster 0
565,0.0,0.0,0.0,1.0,0.0,2.0,bad,Cluster 2
566,,,,,,,,Cluster 0
567,1.0,0.0,0.0,1.0,0.0,2.0,bad,Cluster 2
568,,,,,,,,Cluster 0
569,0.0,0.0,0.0,1.0,0.0,1.0,bad,Cluster 2
570,,,,,,,,Cluster 0
571,0.0,0.0,0.0,0.0,0.0,1.0,bad,Cluster 0
572,,,,,,,,Cluster 0
573,0.0,0.0,1.0,0.0,0.0,1.0,bad,Cluster 1
574,,,,,,,,Cluster 0
575,0.0,0.0,1.0,1.0,0.0,2.0,bad,Cluster 1
576,,,,,,,,Cluster 0
577,0.0,0.0,0.0,0.0,0.0,1.0,bad,Cluster 0
578,,,,,,,,Cluster 0
579,0.0,0.0,1.0,0.0,0.0,2.0,bad,Cluster 1
580,,,,,,,,Cluster 0
581,0.0,0.0,0.0,1.0,0.0,2.0,bad,Cluster 2
582,,,,,,,,Cluster 0
583,2.0,0.0,0.0,0.0,0.0,1.0,bad,Cluster 3
584,,,,,,,,Cluster 0
585,3.0,0.0,1.0,0.0,0.0,1.0,bad,Cluster 1
586,,,,,,,,Cluster 0
587,0.0,0.0,0.0,0.0,0.0,1.0,bad,Cluster 0
588,,,,,,,,Cluster 0
589,0.0,0.0,0.0,0.0,0.0,1.0,bad,Cluster 0
590,,,,,,,,Cluster 0
591,0.0,0.0,0.0,0.0,0.0,1.0,bad,Cluster 0
592,,,,,,,,Cluster 0
593,0.0,0.0,0.0,0.0,0.0,3.0,bad,Cluster 2
594,,,,,,,,Cluster 0
595,0.0,0.0,0.0,0.0,0.0,3.0,bad,Cluster 2
596,,,,,,,,Cluster 0
597,2.0,0.0,0.0,1.0,0.0,3.0,bad,Cluster 2
598,,,,,,,,Cluster 0
599,0.0,0.0,0.0,0.0,0.0,1.0,bad,Cluster 0
600,,,,,,,,Cluster 0
601,1.0,0.0,1.0,2.0,0.0,1.0,bad,Cluster 1
602,,,,,,,,Cluster 0
603,1.0,0.0,1.0,0.0,0.0,1.0,bad,Cluster 1
604,,,,,,,,Cluster 0
605,1.0,0.0,1.0,0.0,0.0,1.0,bad,Cluster 1
606,,,,,,,,Cluster 0
607,1.0,0.0,1.0,0.0,0.0,1.0,bad,Cluster 1
608,,,,,,,,Cluster 0
609,2.0,0.0,0.0,0.0,0.0,1.0,bad,Cluster 3
610,,,,,,,,Cluster 0
611,2.0,0.0,0.0,0.0,0.0,1.0,bad,Cluster 3
612,,,,,,,,Cluster 0
613,4.0,0.0,0.0,0.0,0.0,1.0,bad,Cluster 3
614,,,,,,,,Cluster 0
615,0.0,0.0,1.0,0.0,0.0,1.0,bad,Cluster 1
616,,,,,,,,Cluster 0
617,0.0,0.0,0.0,0.0,0.0,0.0,good,Cluster 0
618,,,,,,,,Cluster 0
619,0.0,0.0,0.0,0.0,0.0,0.0,good,Cluster 0
620,,,,,,,,Cluster 0
621,0.0,0.0,0.0,0.0,0.0,0.0,good,Cluster 0
622,,,,,,,,Cluster 0
623,0.0,0.0,0.0,0.0,0.0,0.0,good,Cluster 0
624,,,,,,,,Cluster 0
625,0.0,0.0,0.0,0.0,0.0,0.0,good,Cluster 0
626,,,,,,,,Cluster 0
627,0.0,0.0,0.0,0.0,0.0,0.0,good,Cluster 0
628,,,,,,,,Cluster 0
629,0.0,0.0,0.0,0.0,0.0,0.0,good,Cluster 0
630,,,,,,,,Cluster 0
631,0.0,0.0,0.0,0.0,0.0,0.0,good,Cluster 0
632,,,,,,,,Cluster 0
633,0.0,0.0,0.0,0.0,0.0,0.0,good,Cluster 0
634,,,,,,,,Cluster 0
635,0.0,0.0,0.0,0.0,0.0,0.0,good,Cluster 0
636,,,,,,,,Cluster 0
637,0.0,0.0,0.0,0.0,0.0,0.0,good,Cluster 0
638,,,,,,,,Cluster 0
639,0.0,0.0,0.0,0.0,0.0,0.0,good,Cluster 0
640,,,,,,,,Cluster 0
641,0.0,0.0,0.0,0.0,0.0,0.0,good,Cluster 0
642,,,,,,,,Cluster 0
643,0.0,0.0,0.0,0.0,0.0,0.0,good,Cluster 0
644,,,,,,,,Cluster 0
645,0.0,0.0,0.0,0.0,0.0,0.0,good,Cluster 0
646,,,,,,,,Cluster 0
647,0.0,0.0,0.0,0.0,0.0,0.0,good,Cluster 0
648,,,,,,,,Cluster 0
649,0.0,0.0,0.0,0.0,0.0,0.0,good,Cluster 0
650,,,,,,,,Cluster 0
651,0.0,0.0,0.0,0.0,0.0,0.0,good,Cluster 0
652,,,,,,,,Cluster 0
653,0.0,0.0,0.0,0.0,0.0,0.0,good,Cluster 0
654,,,,,,,,Cluster 0
655,0.0,0.0,0.0,0.0,0.0,0.0,good,Cluster 0
656,,,,,,,,Cluster 0
657,0.0,0.0,0.0,0.0,0.0,0.0,good,Cluster 0
658,,,,,,,,Cluster 0
659,0.0,0.0,0.0,0.0,0.0,0.0,good,Cluster 0
660,,,,,,,,Cluster 0
661,0.0,0.0,0.0,0.0,0.0,0.0,good,Cluster 0
662,,,,,,,,Cluster 0
663,0.0,0.0,0.0,0.0,0.0,0.0,good,Cluster 0
664,,,,,,,,Cluster 0
665,0.0,0.0,0.0,0.0,0.0,0.0,good,Cluster 0
666,,,,,,,,Cluster 0
667,0.0,0.0,0.0,0.0,0.0,0.0,good,Cluster 0
668,,,,,,,,Cluster 0
669,0.0,0.0,0.0,0.0,0.0,0.0,good,Cluster 0
670,,,,,,,,Cluster 0
671,0.0,0.0,0.0,0.0,0.0,0.0,good,Cluster 0
672,,,,,,,,Cluster 0
673,0.0,0.0,0.0,0.0,0.0,0.0,good,Cluster 0
674,,,,,,,,Cluster 0
675,0.0,0.0,0.0,0.0,0.0,0.0,good,Cluster 0
676,,,,,,,,Cluster 0
677,0.0,0.0,0.0,0.0,0.0,0.0,good,Cluster 0
678,,,,,,,,Cluster 0
679,0.0,0.0,0.0,0.0,0.0,0.0,good,Cluster 0
680,,,,,,,,Cluster 0
681,0.0,0.0,0.0,0.0,0.0,0.0,good,Cluster 0
682,,,,,,,,Cluster 0
683,0.0,0.0,0.0,0.0,0.0,0.0,good,Cluster 0
684,,,,,,,,Cluster 0
685,0.0,0.0,0.0,0.0,0.0,0.0,good,Cluster 0
686,,,,,,,,Cluster 0
687,0.0,0.0,0.0,0.0,0.0,0.0,good,Cluster 0
688,,,,,,,,Cluster 0
689,0.0,0.0,0.0,0.0,0.0,0.0,good,Cluster 0
690,,,,,,,,Cluster 0
691,0.0,0.0,0.0,0.0,0.0,0.0,good,Cluster 0
692,,,,,,,,Cluster 0
693,0.0,0.0,0.0,0.0,0.0,0.0,good,Cluster 0
694,,,,,,,,Cluster 0
695,0.0,0.0,0.0,0.0,0.0,0.0,good,Cluster 0
696,,,,,,,,Cluster 0
697,0.0,0.0,0.0,0.0,0.0,0.0,good,Cluster 0
698,,,,,,,,Cluster 0
699,0.0,0.0,0.0,0.0,0.0,0.0,good,Cluster 0
700,,,,,,,,Cluster 0
701,0.0,0.0,0.0,0.0,0.0,0.0,good,Cluster 0
702,,,,,,,,Cluster 0
703,0.0,0.0,0.0,0.0,0.0,0.0,good,Cluster 0
704,,,,,,,,Cluster 0
705,0.0,0.0,0.0,0.0,0.0,0.0,good,Cluster 0
706,,,,,,,,Cluster 0
707,0.0,0.0,0.0,0.0,0.0,0.0,good,Cluster 0
708,,,,,,,,Cluster 0
709,0.0,0.0,0.0,0.0,0.0,0.0,good,Cluster 0
710,,,,,,,,Cluster 0
711,0.0,0.0,0.0,0.0,0.0,0.0,good,Cluster 0
712,,,,,,,,Cluster 0
713,0.0,0.0,0.0,0.0,0.0,0.0,good,Cluster 0
714,,,,,,,,Cluster 0
715,0.0,0.0,0.0,0.0,0.0,0.0,good,Cluster 0
716,,,,,,,,Cluster 0
717,0.0,0.0,0.0,0.0,0.0,0.0,good,Cluster 0
718,,,,,,,,Cluster 0
719,0.0,0.0,0.0,0.0,0.0,0.0,good,Cluster 0
720,,,,,,,,Cluster 0
721,0.0,0.0,0.0,0.0,0.0,0.0,good,Cluster 0
722,,,,,,,,Cluster 0
723,0.0,0.0,0.0,0.0,0.0,0.0,good,Cluster 0
724,,,,,,,,Cluster 0
725,0.0,0.0,0.0,0.0,0.0,0.0,good,Cluster 0
726,,,,,,,,Cluster 0
727,0.0,0.0,0.0,0.0,0.0,0.0,good,Cluster 0
728,,,,,,,,Cluster 0
729,0.0,0.0,0.0,0.0,0.0,0.0,good,Cluster 0
730,,,,,,,,Cluster 0
731,0.0,0.0,0.0,0.0,0.0,0.0,good,Cluster 0
732,,,,,,,,Cluster 0
733,0.0,0.0,0.0,0.0,0.0,0.0,good,Cluster 0
734,,,,,,,,Cluster 0
735,0.0,0.0,0.0,0.0,0.0,0.0,good,Cluster 0
736,,,,,,,,Cluster 0
737,0.0,0.0,0.0,0.0,0.0,0.0,good,Cluster 0
738,,,,,,,,Cluster 0
739,0.0,0.0,0.0,0.0,0.0,0.0,good,Cluster 0
740,,,,,,,,Cluster 0
741,0.0,0.0,0.0,0.0,0.0,0.0,good,Cluster 0
742,,,,,,,,Cluster 0
743,0.0,0.0,0.0,0.0,0.0,0.0,good,Cluster 0
744,,,,,,,,Cluster 0
745,0.0,0.0,0.0,0.0,0.0,0.0,good,Cluster 0
746,,,,,,,,Cluster 0
747,0.0,0.0,0.0,0.0,0.0,0.0,good,Cluster 0
748,,,,,,,,Cluster 0
749,0.0,0.0,0.0,0.0,0.0,0.0,good,Cluster 0
750,,,,,,,,Cluster 0
751,0.0,0.0,0.0,0.0,0.0,0.0,good,Cluster 0
752,,,,,,,,Cluster 0
753,0.0,0.0,0.0,0.0,0.0,0.0,good,Cluster 0
754,,,,,,,,Cluster 0
755,0.0,0.0,0.0,0.0,0.0,0.0,good,Cluster 0
756,,,,,,,,Cluster 0
757,0.0,0.0,0.0,0.0,0.0,0.0,good,Cluster 0
758,,,,,,,,Cluster 0
759,0.0,0.0,0.0,0.0,0.0,0.0,good,Cluster 0
760,,,,,,,,Cluster 0
761,0.0,0.0,0.0,0.0,0.0,0.0,good,Cluster 0
762,,,,,,,,Cluster 0
763,0.0,0.0,0.0,0.0,0.0,0.0,good,Cluster 0
764,,,,,,,,Cluster 0
765,0.0,38.0,0.0,0.0,0.0,0.0,good,Cluster 0
766,,,,,,,,Cluster 0
767,0.0,24.0,0.0,0.0,0.0,0.0,good,Cluster 0
768,,,,,,,,Cluster 0
769,0.0,0.0,0.0,0.0,0.0,0.0,good,Cluster 0
770,,,,,,,,Cluster 0
771,0.0,0.0,0.0,0.0,0.0,2.0,good,Cluster 0
772,,,,,,,,Cluster 0
773,0.0,0.0,0.0,0.0,0.0,0.0,good,Cluster 0
774,,,,,,,,Cluster 0
775,0.0,0.0,0.0,0.0,0.0,0.0,good,Cluster 0
776,,,,,,,,Cluster 0
777,0.0,0.0,0.0,0.0,0.0,0.0,good,Cluster 0
778,,,,,,,,Cluster 0
779,0.0,0.0,0.0,0.0,0.0,2.0,good,Cluster 0
780,,,,,,,,Cluster 0
781,0.0,0.0,0.0,0.0,0.0,0.0,good,Cluster 0
782,,,,,,,,Cluster 0
783,0.0,0.0,0.0,0.0,0.0,0.0,good,Cluster 0
784,,,,,,,,Cluster 0
785,0.0,0.0,0.0,0.0,0.0,0.0,good,Cluster 0
786,,,,,,,,Cluster 0
787,0.0,0.0,0.0,0.0,0.0,0.0,good,Cluster 0
788,,,,,,,,Cluster 0
789,0.0,0.0,0.0,0.0,0.0,0.0,good,Cluster 0
790,,,,,,,,Cluster 0
791,0.0,0.0,0.0,0.0,0.0,0.0,good,Cluster 0
792,,,,,,,,Cluster 0
793,0.0,0.0,0.0,0.0,0.0,0.0,good,Cluster 0
794,,,,,,,,Cluster 0
795,0.0,0.0,0.0,0.0,0.0,0.0,good,Cluster 0
796,,,,,,,,Cluster 0
797,0.0,0.0,0.0,0.0,0.0,0.0,good,Cluster 0
798,,,,,,,,Cluster 0
799,0.0,0.0,0.0,0.0,0.0,0.0,good,Cluster 0
800,,,,,,,,Cluster 0
801,0.0,32.0,0.0,0.0,0.0,0.0,good,Cluster 0
802,,,,,,,,Cluster 0
803,0.0,32.0,0.0,0.0,0.0,0.0,good,Cluster 0
804,,,,,,,,Cluster 0
805,0.0,32.0,0.0,0.0,0.0,0.0,good,Cluster 0
806,,,,,,,,Cluster 0
807,0.0,32.0,0.0,0.0,0.0,0.0,good,Cluster 0
808,,,,,,,,Cluster 0
809,0.0,32.0,0.0,0.0,0.0,0.0,good,Cluster 0
810,,,,,,,,Cluster 0
811,0.0,0.0,0.0,0.0,0.0,0.0,good,Cluster 0
812,,,,,,,,Cluster 0
813,0.0,0.0,0.0,0.0,0.0,0.0,good,Cluster 0
814,,,,,,,,Cluster 0
815,0.0,0.0,0.0,0.0,0.0,0.0,good,Cluster 0
816,,,,,,,,Cluster 0
817,0.0,0.0,0.0,0.0,0.0,0.0,good,Cluster 0
818,,,,,,,,Cluster 0
819,0.0,0.0,0.0,0.0,0.0,1.0,good,Cluster 0
820,,,,,,,,Cluster 0
821,0.0,0.0,0.0,0.0,0.0,1.0,good,Cluster 0
822,,,,,,,,Cluster 0
823,0.0,0.0,0.0,0.0,0.0,1.0,good,Cluster 0
824,,,,,,,,Cluster 0
825,0.0,0.0,0.0,0.0,0.0,1.0,good,Cluster 0
826,,,,,,,,Cluster 0
827,0.0,0.0,0.0,0.0,0.0,1.0,good,Cluster 0
828,,,,,,,,Cluster 0
829,0.0,0.0,0.0,0.0,0.0,1.0,good,Cluster 0
830,,,,,,,,Cluster 0
831,0.0,0.0,0.0,0.0,0.0,1.0,good,Cluster 0
832,,,,,,,,Cluster 0
833,0.0,0.0,0.0,0.0,0.0,1.0,good,Cluster 0
834,,,,,,,,Cluster 0
835,0.0,0.0,0.0,0.0,0.0,1.0,good,Cluster 0
836,,,,,,,,Cluster 0
837,0.0,0.0,0.0,0.0,0.0,1.0,good,Cluster 0
838,,,,,,,,Cluster 0
839,0.0,0.0,0.0,0.0,0.0,1.0,good,Cluster 0
840,,,,,,,,Cluster 0
841,0.0,0.0,0.0,0.0,0.0,1.0,good,Cluster 0
842,,,,,,,,Cluster 0
843,0.0,0.0,0.0,0.0,0.0,1.0,good,Cluster 0
844,,,,,,,,Cluster 0
845,0.0,0.0,0.0,0.0,0.0,1.0,good,Cluster 0
846,,,,,,,,Cluster 0
847,0.0,0.0,0.0,0.0,0.0,1.0,good,Cluster 0
848,,,,,,,,Cluster 0
849,0.0,0.0,0.0,0.0,0.0,1.0,good,Cluster 0
850,,,,,,,,Cluster 0
851,0.0,0.0,0.0,0.0,0.0,1.0,good,Cluster 0
852,,,,,,,,Cluster 0
853,0.0,0.0,0.0,0.0,0.0,1.0,good,Cluster 0
854,,,,,,,,Cluster 0
855,0.0,0.0,0.0,0.0,0.0,1.0,good,Cluster 0
856,,,,,,,,Cluster 0
857,0.0,0.0,0.0,0.0,0.0,1.0,good,Cluster 0
858,,,,,,,,Cluster 0
859,0.0,0.0,0.0,0.0,0.0,1.0,good,Cluster 0
860,,,,,,,,Cluster 0
861,0.0,0.0,0.0,0.0,0.0,0.0,good,Cluster 0
862,,,,,,,,Cluster 0
863,0.0,0.0,0.0,0.0,0.0,0.0,good,Cluster 0
864,,,,,,,,Cluster 0
865,0.0,0.0,0.0,0.0,0.0,0.0,good,Cluster 0
866,,,,,,,,Cluster 0
867,0.0,0.0,0.0,0.0,0.0,0.0,good,Cluster 0
868,,,,,,,,Cluster 0
869,0.0,0.0,0.0,0.0,0.0,0.0,good,Cluster 0
870,,,,,,,,Cluster 0
871,0.0,0.0,0.0,0.0,0.0,0.0,good,Cluster 0
872,,,,,,,,Cluster 0
873,0.0,0.0,0.0,0.0,0.0,0.0,good,Cluster 0
874,,,,,,,,Cluster 0
875,0.0,0.0,0.0,0.0,0.0,0.0,good,Cluster 0
876,,,,,,,,Cluster 0
877,0.0,0.0,0.0,0.0,0.0,0.0,good,Cluster 0
878,,,,,,,,Cluster 0
879,0.0,0.0,0.0,0.0,0.0,0.0,good,Cluster 0
880,,,,,,,,Cluster 0
881,0.0,0.0,0.0,0.0,0.0,0.0,good,Cluster 0
882,,,,,,,,Cluster 0
883,0.0,0.0,0.0,0.0,0.0,0.0,good,Cluster 0
884,,,,,,,,Cluster 0
885,0.0,0.0,0.0,0.0,0.0,0.0,good,Cluster 0
886,,,,,,,,Cluster 0
887,0.0,0.0,0.0,0.0,0.0,0.0,good,Cluster 0
888,,,,,,,,Cluster 0
889,0.0,0.0,0.0,0.0,0.0,0.0,good,Cluster 0
890,,,,,,,,Cluster 0
891,0.0,0.0,0.0,0.0,0.0,0.0,good,Cluster 0
892,,,,,,,,Cluster 0
893,0.0,0.0,0.0,0.0,0.0,0.0,good,Cluster 0
894,,,,,,,,Cluster 0
895,0.0,0.0,0.0,0.0,0.0,0.0,good,Cluster 0
896,,,,,,,,Cluster 0
897,0.0,0.0,0.0,0.0,0.0,0.0,good,Cluster 0
898,,,,,,,,Cluster 0
899,0.0,0.0,0.0,0.0,0.0,0.0,good,Cluster 0
900,,,,,,,,Cluster 0
901,0.0,0.0,0.0,0.0,0.0,0.0,good,Cluster 0
902,,,,,,,,Cluster 0
903,0.0,0.0,0.0,0.0,0.0,0.0,good,Cluster 0
904,,,,,,,,Cluster 0
905,0.0,0.0,0.0,0.0,0.0,0.0,good,Cluster 0
906,,,,,,,,Cluster 0
907,0.0,0.0,0.0,0.0,0.0,0.0,good,Cluster 0
908,,,,,,,,Cluster 0
909,0.0,0.0,0.0,0.0,0.0,0.0,good,Cluster 0
910,,,,,,,,Cluster 0
911,0.0,0.0,0.0,0.0,0.0,0.0,good,Cluster 0
912,,,,,,,,Cluster 0
913,0.0,0.0,0.0,0.0,0.0,0.0,good,Cluster 0
914,,,,,,,,Cluster 0
915,0.0,0.0,0.0,0.0,0.0,0.0,good,Cluster 0
916,,,,,,,,Cluster 0
917,0.0,0.0,0.0,0.0,0.0,0.0,good,Cluster 0
918,,,,,,,,Cluster 0
919,0.0,0.0,0.0,0.0,0.0,0.0,good,Cluster 0
920,,,,,,,,Cluster 0
921,0.0,0.0,0.0,0.0,0.0,0.0,good,Cluster 0
922,,,,,,,,Cluster 0
923,0.0,0.0,0.0,0.0,0.0,0.0,good,Cluster 0
924,,,,,,,,Cluster 0
925,0.0,0.0,0.0,0.0,0.0,0.0,good,Cluster 0
926,,,,,,,,Cluster 0
927,0.0,0.0,0.0,0.0,0.0,0.0,good,Cluster 0
928,,,,,,,,Cluster 0
929,0.0,0.0,0.0,0.0,0.0,0.0,good,Cluster 0
930,,,,,,,,Cluster 0
931,0.0,0.0,0.0,0.0,0.0,0.0,good,Cluster 0
932,,,,,,,,Cluster 0
933,0.0,0.0,0.0,0.0,0.0,0.0,good,Cluster 0
934,,,,,,,,Cluster 0
935,0.0,0.0,0.0,0.0,0.0,0.0,good,Cluster 0
936,,,,,,,,Cluster 0
937,0.0,0.0,0.0,0.0,0.0,0.0,good,Cluster 0
938,,,,,,,,Cluster 0
939,0.0,0.0,0.0,0.0,0.0,0.0,good,Cluster 0
940,,,,,,,,Cluster 0
941,0.0,0.0,0.0,0.0,0.0,0.0,good,Cluster 0
942,,,,,,,,Cluster 0
943,0.0,0.0,0.0,0.0,0.0,0.0,good,Cluster 0
944,,,,,,,,Cluster 0
945,0.0,0.0,0.0,0.0,0.0,0.0,good,Cluster 0
946,,,,,,,,Cluster 0
947,0.0,0.0,0.0,0.0,0.0,0.0,good,Cluster 0
948,,,,,,,,Cluster 0
949,0.0,0.0,0.0,0.0,0.0,0.0,good,Cluster 0
950,,,,,,,,Cluster 0
951,0.0,0.0,0.0,0.0,0.0,0.0,good,Cluster 0
952,,,,,,,,Cluster 0
953,0.0,0.0,0.0,0.0,0.0,0.0,good,Cluster 0
954,,,,,,,,Cluster 0
955,0.0,0.0,0.0,0.0,0.0,0.0,good,Cluster 0
956,,,,,,,,Cluster 0
957,0.0,0.0,0.0,0.0,0.0,0.0,good,Cluster 0
958,,,,,,,,Cluster 0
959,0.0,0.0,0.0,0.0,0.0,0.0,good,Cluster 0
960,,,,,,,,Cluster 0
961,0.0,0.0,0.0,0.0,0.0,0.0,good,Cluster 0
962,,,,,,,,Cluster 0
963,0.0,0.0,0.0,0.0,0.0,0.0,good,Cluster 0
964,,,,,,,,Cluster 0
965,0.0,0.0,0.0,0.0,0.0,0.0,good,Cluster 0
966,,,,,,,,Cluster 0
967,0.0,0.0,0.0,0.0,0.0,0.0,good,Cluster 0
968,,,,,,,,Cluster 0
969,0.0,0.0,0.0,0.0,0.0,0.0,good,Cluster 0
970,,,,,,,,Cluster 0
971,0.0,0.0,0.0,0.0,0.0,0.0,good,Cluster 0
972,,,,,,,,Cluster 0
973,0.0,0.0,0.0,0.0,0.0,0.0,good,Cluster 0
974,,,,,,,,Cluster 0
975,0.0,0.0,0.0,0.0,0.0,0.0,good,Cluster 0
976,,,,,,,,Cluster 0
977,0.0,0.0,0.0,0.0,0.0,0.0,good,Cluster 0
978,,,,,,,,Cluster 0
979,0.0,0.0,0.0,0.0,0.0,0.0,good,Cluster 0
980,,,,,,,,Cluster 0
981,0.0,0.0,0.0,0.0,0.0,0.0,good,Cluster 0
982,,,,,,,,Cluster 0
983,0.0,0.0,0.0,0.0,0.0,0.0,good,Cluster 0
984,,,,,,,,Cluster 0
985,0.0,0.0,0.0,0.0,0.0,0.0,good,Cluster 0
986,,,,,,,,Cluster 0
987,0.0,0.0,0.0,0.0,0.0,0.0,good,Cluster 0
988,,,,,,,,Cluster 0
989,0.0,0.0,0.0,0.0,0.0,0.0,good,Cluster 0
990,,,,,,,,Cluster 0
991,0.0,0.0,0.0,0.0,0.0,0.0,good,Cluster 0
992,,,,,,,,Cluster 0
993,0.0,0.0,0.0,0.0,0.0,0.0,good,Cluster 0
994,,,,,,,,Cluster 0
995,0.0,0.0,0.0,0.0,0.0,0.0,good,Cluster 0
996,,,,,,,,Cluster 0
997,0.0,0.0,0.0,0.0,0.0,0.0,good,Cluster 0
998,,,,,,,,Cluster 0
999,0.0,0.0,0.0,0.0,0.0,0.0,good,Cluster 0
1000,,,,,,,,Cluster 0
1001,0.0,0.0,0.0,0.0,0.0,0.0,good,Cluster 0
1002,,,,,,,,Cluster 0
1003,0.0,0.0,0.0,0.0,0.0,0.0,good,Cluster 0
1004,,,,,,,,Cluster 0
1005,0.0,0.0,0.0,0.0,0.0,0.0,good,Cluster 0
1006,,,,,,,,Cluster 0
1007,0.0,0.0,0.0,0.0,0.0,0.0,good,Cluster 0
1008,,,,,,,,Cluster 0
1009,0.0,0.0,0.0,0.0,0.0,0.0,good,Cluster 0
1010,,,,,,,,Cluster 0
1011,0.0,0.0,0.0,0.0,0.0,0.0,good,Cluster 0
1012,,,,,,,,Cluster 0
1013,0.0,0.0,0.0,0.0,0.0,0.0,good,Cluster 0
1014,,,,,,,,Cluster 0
1015,0.0,0.0,0.0,0.0,0.0,0.0,good,Cluster 0
1016,,,,,,,,Cluster 0
1017,0.0,0.0,0.0,0.0,0.0,0.0,good,Cluster 0
1018,,,,,,,,Cluster 0
1019,0.0,0.0,0.0,0.0,0.0,0.0,good,Cluster 0
1020,,,,,,,,Cluster 0
1021,0.0,0.0,0.0,0.0,0.0,0.0,good,Cluster 0
1022,,,,,,,,Cluster 0
1023,0.0,0.0,0.0,0.0,0.0,0.0,good,Cluster 0
1024,,,,,,,,Cluster 0
1025,0.0,0.0,0.0,0.0,0.0,0.0,good,Cluster 0
1026,,,,,,,,Cluster 0
1027,0.0,0.0,0.0,0.0,0.0,0.0,good,Cluster 0
1028,,,,,,,,Cluster 0
1029,0.0,0.0,0.0,0.0,0.0,0.0,good,Cluster 0
1030,,,,,,,,Cluster 0
1031,0.0,0.0,0.0,0.0,0.0,0.0,good,Cluster 0
1032,,,,,,,,Cluster 0
1033,0.0,0.0,0.0,0.0,0.0,0.0,good,Cluster 0
1034,,,,,,,,Cluster 0
1035,0.0,0.0,0.0,0.0,0.0,0.0,good,Cluster 0
1036,,,,,,,,Cluster 0
1037,0.0,0.0,0.0,0.0,0.0,0.0,good,Cluster 0
1038,,,,,,,,Cluster 0
1039,0.0,0.0,0.0,0.0,0.0,0.0,good,Cluster 0
1040,,,,,,,,Cluster 0
1041,0.0,0.0,0.0,0.0,0.0,0.0,good,Cluster 0
1042,,,,,,,,Cluster 0
1043,0.0,0.0,0.0,0.0,0.0,0.0,good,Cluster 0
1044,,,,,,,,Cluster 0
1045,0.0,0.0,0.0,0.0,0.0,0.0,good,Cluster 0
1046,,,,,,,,Cluster 0
1047,0.0,0.0,0.0,0.0,0.0,0.0,good,Cluster 0
1048,,,,,,,,Cluster 0
1049,0.0,0.0,0.0,0.0,0.0,0.0,good,Cluster 0
1050,,,,,,,,Cluster 0
1051,0.0,0.0,0.0,0.0,0.0,0.0,good,Cluster 0
1052,,,,,,,,Cluster 0
1053,0.0,0.0,0.0,0.0,0.0,0.0,good,Cluster 0
1054,,,,,,,,Cluster 0
1055,0.0,0.0,0.0,0.0,0.0,0.0,good,Cluster 0
1056,,,,,,,,Cluster 0
1057,0.0,0.0,0.0,0.0,0.0,0.0,good,Cluster 0
1058,,,,,,,,Cluster 0
1059,0.0,0.0,0.0,0.0,0.0,0.0,good,Cluster 0
1060,,,,,,,,Cluster 0
1061,0.0,0.0,0.0,0.0,0.0,0.0,good,Cluster 0
1062,,,,,,,,Cluster 0
1063,0.0,0.0,0.0,0.0,0.0,0.0,good,Cluster 0
1064,,,,,,,,Cluster 0
1065,0.0,0.0,0.0,0.0,0.0,0.0,good,Cluster 0
1066,,,,,,,,Cluster 0
1067,0.0,0.0,0.0,0.0,0.0,0.0,good,Cluster 0
1068,,,,,,,,Cluster 0
1069,0.0,0.0,0.0,0.0,0.0,0.0,good,Cluster 0
1070,,,,,,,,Cluster 0
1071,0.0,0.0,0.0,0.0,0.0,0.0,good,Cluster 0
1072,,,,,,,,Cluster 0
1073,0.0,0.0,0.0,0.0,0.0,0.0,good,Cluster 0
1074,,,,,,,,Cluster 0
1075,0.0,0.0,0.0,0.0,0.0,0.0,good,Cluster 0
1076,,,,,,,,Cluster 0
1077,0.0,0.0,0.0,0.0,0.0,0.0,good,Cluster 0
1078,,,,,,,,Cluster 0
1079,0.0,0.0,0.0,0.0,0.0,0.0,good,Cluster 0
1080,,,,,,,,Cluster 0
1081,0.0,0.0,0.0,0.0,0.0,0.0,good,Cluster 0
1082,,,,,,,,Cluster 0
1083,0.0,0.0,0.0,0.0,0.0,0.0,good,Cluster 0
1084,,,,,,,,Cluster 0
1085,0.0,0.0,0.0,0.0,0.0,0.0,good,Cluster 0
1086,,,,,,,,Cluster 0
1087,0.0,0.0,0.0,0.0,0.0,0.0,good,Cluster 0
1088,,,,,,,,Cluster 0
1089,0.0,0.0,0.0,0.0,0.0,0.0,good,Cluster 0
1090,,,,,,,,Cluster 0
1091,0.0,0.0,0.0,0.0,0.0,0.0,good,Cluster 0
1092,,,,,,,,Cluster 0
1093,0.0,0.0,0.0,0.0,0.0,0.0,good,Cluster 0
1094,,,,,,,,Cluster 0
1095,0.0,0.0,0.0,0.0,0.0,0.0,good,Cluster 0
1096,,,,,,,,Cluster 0
1097,0.0,0.0,0.0,0.0,0.0,0.0,good,Cluster 0
1098,,,,,,,,Cluster 0
1099,0.0,0.0,0.0,0.0,0.0,0.0,good,Cluster 0
1100,,,,,,,,Cluster 0
1101,0.0,0.0,0.0,0.0,0.0,0.0,good,Cluster 0
1102,,,,,,,,Cluster 0
1103,0.0,0.0,0.0,0.0,0.0,0.0,good,Cluster 0
1104,,,,,,,,Cluster 0
1105,0.0,0.0,0.0,0.0,0.0,0.0,good,Cluster 0
1106,,,,,,,,Cluster 0
1107,0.0,0.0,0.0,0.0,0.0,0.0,good,Cluster 0
1108,,,,,,,,Cluster 0
1109,0.0,0.0,0.0,0.0,0.0,0.0,good,Cluster 0
1110,,,,,,,,Cluster 0
1111,0.0,0.0,0.0,0.0,0.0,0.0,good,Cluster 0
1112,,,,,,,,Cluster 0
1113,0.0,0.0,0.0,0.0,0.0,0.0,good,Cluster 0
1114,,,,,,,,Cluster 0
1115,0.0,0.0,0.0,0.0,0.0,0.0,good,Cluster 0
1116,,,,,,,,Cluster 0
1117,0.0,0.0,0.0,0.0,0.0,0.0,good,Cluster 0
1118,,,,,,,,Cluster 0
1119,0.0,0.0,0.0,0.0,0.0,0.0,good,Cluster 0
1120,,,,,,,,Cluster 0
1121,0.0,0.0,0.0,0.0,0.0,0.0,good,Cluster 0
1122,,,,,,,,Cluster 0
1123,0.0,0.0,0.0,0.0,0.0,0.0,good,Cluster 0
1124,,,,,,,,Cluster 0
1125,0.0,0.0,0.0,0.0,0.0,0.0,good,Cluster 0
1126,,,,,,,,Cluster 0
1127,0.0,0.0,0.0,0.0,0.0,0.0,good,Cluster 0
1128,,,,,,,,Cluster 0
1129,0.0,0.0,0.0,0.0,0.0,0.0,good,Cluster 0
1130,,,,,,,,Cluster 0
1131,0.0,0.0,0.0,0.0,0.0,0.0,good,Cluster 0
1132,,,,,,,,Cluster 0
1133,0.0,0.0,0.0,0.0,0.0,0.0,good,Cluster 0
1134,,,,,,,,Cluster 0
1135,0.0,0.0,0.0,0.0,0.0,0.0,good,Cluster 0
1136,,,,,,,,Cluster 0
1137,0.0,0.0,0.0,0.0,0.0,0.0,good,Cluster 0
1138,,,,,,,,Cluster 0
1139,0.0,0.0,0.0,0.0,0.0,0.0,good,Cluster 0
1140,,,,,,,,Cluster 0
1141,0.0,0.0,0.0,0.0,0.0,0.0,good,Cluster 0
1142,,,,,,,,Cluster 0
1143,0.0,0.0,0.0,0.0,0.0,0.0,good,Cluster 0
1144,,,,,,,,Cluster 0
1145,0.0,0.0,0.0,0.0,0.0,0.0,good,Cluster 0
1146,,,,,,,,Cluster 0
1147,0.0,0.0,0.0,0.0,0.0,0.0,good,Cluster 0
1148,,,,,,,,Cluster 0
1149,0.0,0.0,0.0,0.0,0.0,0.0,good,Cluster 0
1150,,,,,,,,Cluster 0
1151,0.0,0.0,0.0,0.0,0.0,0.0,good,Cluster 0
1152,,,,,,,,Cluster 0
1153,0.0,0.0,0.0,0.0,0.0,0.0,good,Cluster 0
1154,,,,,,,,Cluster 0
1155,0.0,0.0,0.0,0.0,0.0,0.0,good,Cluster 0
1156,,,,,,,,Cluster 0
1157,0.0,0.0,0.0,0.0,0.0,0.0,good,Cluster 0
1158,,,,,,,,Cluster 0
1159,0.0,0.0,0.0,0.0,0.0,0.0,good,Cluster 0
1160,,,,,,,,Cluster 0
1161,0.0,0.0,0.0,0.0,0.0,0.0,good,Cluster 0
1162,,,,,,,,Cluster 0
1163,0.0,0.0,0.0,0.0,0.0,0.0,good,Cluster 0
1164,,,,,,,,Cluster 0
1165,0.0,0.0,0.0,0.0,0.0,0.0,good,Cluster 0
1166,,,,,,,,Cluster 0
1167,0.0,0.0,0.0,0.0,0.0,0.0,good,Cluster 0
1168,,,,,,,,Cluster 0
1169,0.0,0.0,0.0,0.0,0.0,0.0,good,Cluster 0
1170,,,,,,,,Cluster 0
1171,0.0,0.0,0.0,0.0,0.0,0.0,good,Cluster 0
1172,,,,,,,,Cluster 0
1173,0.0,0.0,0.0,0.0,0.0,0.0,good,Cluster 0
1174,,,,,,,,Cluster 0
1175,0.0,0.0,0.0,0.0,0.0,0.0,good,Cluster 0
1176,,,,,,,,Cluster 0
1177,0.0,0.0,0.0,0.0,0.0,0.0,good,Cluster 0
1178,,,,,,,,Cluster 0
1179,0.0,0.0,0.0,0.0,0.0,0.0,good,Cluster 0
1180,,,,,,,,Cluster 0
1181,0.0,0.0,0.0,0.0,0.0,0.0,good,Cluster 0
1182,,,,,,,,Cluster 0
1183,0.0,0.0,0.0,0.0,0.0,0.0,good,Cluster 0
1184,,,,,,,,Cluster 0
1185,0.0,0.0,0.0,0.0,0.0,0.0,good,Cluster 0
1186,,,,,,,,Cluster 0
1187,0.0,0.0,0.0,0.0,0.0,0.0,good,Cluster 0
1188,,,,,,,,Cluster 0
1189,0.0,0.0,0.0,0.0,0.0,0.0,good,Cluster 0
1190,,,,,,,,Cluster 0
1191,0.0,0.0,0.0,0.0,0.0,0.0,good,Cluster 0
1192,,,,,,,,Cluster 0
1193,0.0,0.0,0.0,0.0,0.0,0.0,good,Cluster 0
1194,,,,,,,,Cluster 0
1195,0.0,0.0,0.0,0.0,0.0,0.0,good,Cluster 0
1196,,,,,,,,Cluster 0
1197,0.0,0.0,0.0,0.0,0.0,0.0,good,Cluster 0
1198,,,,,,,,Cluster 0
1199,0.0,0.0,0.0,0.0,0.0,0.0,good,Cluster 0
1200,,,,,,,,Cluster 0
1201,0.0,0.0,0.0,0.0,0.0,0.0,good,Cluster 0
1202,,,,,,,,Cluster 0
1203,0.0,0.0,0.0,0.0,0.0,0.0,good,Cluster 0
1204,,,,,,,,Cluster 0
1205,0.0,0.0,0.0,0.0,0.0,0.0,good,Cluster 0
1206,,,,,,,,Cluster 0
1207,0.0,0.0,0.0,0.0,0.0,0.0,good,Cluster 0
1208,,,,,,,,Cluster 0
1209,0.0,0.0,0.0,0.0,0.0,0.0,good,Cluster 0
1210,,,,,,,,Cluster 0
1211,0.0,0.0,0.0,0.0,0.0,0.0,good,Cluster 0
1212,,,,,,,,Cluster 0
1213,0.0,0.0,0.0,0.0,0.0,0.0,good,Cluster 0
1214,,,,,,,,Cluster 0
1215,0.0,0.0,0.0,0.0,0.0,0.0,good,Cluster 0
1216,,,,,,,,Cluster 0
1217,0.0,0.0,0.0,0.0,0.0,0.0,good,Cluster 0
1218,,,,,,,,Cluster 0
1219,0.0,0.0,0.0,0.0,0.0,0.0,good,Cluster 0
1220,,,,,,,,Cluster 0
1221,0.0,0.0,0.0,0.0,0.0,0.0,good,Cluster 0
1222,,,,,,,,Cluster 0
1223,0.0,0.0,0.0,0.0,0.0,0.0,good,Cluster 0
1224,,,,,,,,Cluster 0
1225,0.0,0.0,0.0,0.0,0.0,0.0,good,Cluster 0
1226,,,,,,,,Cluster 0
1227,0.0,0.0,0.0,0.0,0.0,0.0,good,Cluster 0
1228,,,,,,,,Cluster 0
1229,0.0,0.0,0.0,0.0,0.0,0.0,good,Cluster 0
1230,,,,,,,,Cluster 0
1231,0.0,0.0,0.0,0.0,0.0,0.0,good,Cluster 0
1232,,,,,,,,Cluster 0
1233,0.0,0.0,0.0,0.0,0.0,0.0,good,Cluster 0
1234,,,,,,,,Cluster 0
1235,0.0,0.0,0.0,0.0,0.0,0.0,good,Cluster 0
1236,,,,,,,,Cluster 0
1237,0.0,0.0,0.0,0.0,0.0,0.0,good,Cluster 0
1238,,,,,,,,Cluster 0
1239,0.0,0.0,0.0,0.0,0.0,0.0,good,Cluster 0
1240,,,,,,,,Cluster 0
1241,0.0,0.0,0.0,0.0,0.0,0.0,good,Cluster 0
1242,,,,,,,,Cluster 0
1243,0.0,0.0,0.0,0.0,0.0,0.0,good,Cluster 0
1244,,,,,,,,Cluster 0
1245,0.0,0.0,0.0,0.0,0.0,0.0,good,Cluster 0
1246,,,,,,,,Cluster 0
1247,0.0,0.0,0.0,0.0,0.0,0.0,good,Cluster 0
1248,,,,,,,,Cluster 0
1249,0.0,0.0,0.0,0.0,0.0,0.0,good,Cluster 0
1250,,,,,,,,Cluster 0
1251,0.0,0.0,0.0,0.0,0.0,0.0,good,Cluster 0
1252,,,,,,,,Cluster 0
1253,0.0,0.0,0.0,0.0,0.0,0.0,good,Cluster 0
1254,,,,,,,,Cluster 0
1255,0.0,0.0,0.0,0.0,0.0,0.0,good,Cluster 0
1256,,,,,,,,Cluster 0
1257,0.0,0.0,0.0,0.0,0.0,0.0,good,Cluster 0
1258,,,,,,,,Cluster 0
1259,0.0,0.0,0.0,0.0,0.0,0.0,good,Cluster 0
1260,,,,,,,,Cluster 0
1261,0.0,0.0,0.0,0.0,0.0,0.0,good,Cluster 0
1262,,,,,,,,Cluster 0
1263,0.0,0.0,0.0,0.0,0.0,0.0,good,Cluster 0
1264,,,,,,,,Cluster 0
1265,0.0,0.0,0.0,0.0,0.0,0.0,good,Cluster 0
1266,,,,,,,,Cluster 0
1267,0.0,0.0,0.0,0.0,0.0,0.0,good,Cluster 0
1268,,,,,,,,Cluster 0
1269,0.0,0.0,0.0,0.0,0.0,0.0,good,Cluster 0
1270,,,,,,,,Cluster 0
1271,0.0,0.0,0.0,0.0,0.0,0.0,good,Cluster 0
1272,,,,,,,,Cluster 0
1273,0.0,0.0,0.0,0.0,0.0,0.0,good,Cluster 0
1274,,,,,,,,Cluster 0
1275,0.0,0.0,0.0,0.0,0.0,0.0,good,Cluster 0
1276,,,,,,,,Cluster 0
1277,0.0,0.0,0.0,0.0,0.0,0.0,good,Cluster 0
1278,,,,,,,,Cluster 0
1279,0.0,0.0,0.0,0.0,0.0,0.0,good,Cluster 0
1280,,,,,,,,Cluster 0
1281,0.0,0.0,0.0,0.0,0.0,0.0,good,Cluster 0
1282,,,,,,,,Cluster 0
1283,0.0,0.0,0.0,0.0,0.0,0.0,good,Cluster 0
1284,,,,,,,,Cluster 0
1285,0.0,0.0,0.0,0.0,0.0,0.0,good,Cluster 0
1286,,,,,,,,Cluster 0
1287,0.0,0.0,0.0,0.0,0.0,0.0,good,Cluster 0
1288,,,,,,,,Cluster 0
1289,0.0,0.0,0.0,0.0,0.0,0.0,good,Cluster 0
1290,,,,,,,,Cluster 0
1291,0.0,0.0,0.0,0.0,0.0,0.0,good,Cluster 0
1292,,,,,,,,Cluster 0
1293,0.0,0.0,0.0,0.0,0.0,0.0,good,Cluster 0
1294,,,,,,,,Cluster 0
1295,0.0,0.0,0.0,0.0,0.0,0.0,good,Cluster 0
1296,,,,,,,,Cluster 0
1297,0.0,0.0,0.0,0.0,0.0,0.0,good,Cluster 0
1298,,,,,,,,Cluster 0
1299,0.0,0.0,0.0,0.0,0.0,0.0,good,Cluster 0
1300,,,,,,,,Cluster 0
1301,0.0,0.0,0.0,0.0,0.0,0.0,good,Cluster 0
1302,,,,,,,,Cluster 0
1303,0.0,0.0,0.0,0.0,0.0,0.0,good,Cluster 0
1304,,,,,,,,Cluster 0
1305,0.0,0.0,0.0,0.0,0.0,0.0,good,Cluster 0
1306,,,,,,,,Cluster 0
1307,0.0,0.0,0.0,0.0,0.0,0.0,good,Cluster 0
1308,,,,,,,,Cluster 0
1309,0.0,0.0,0.0,0.0,0.0,0.0,good,Cluster 0
1310,,,,,,,,Cluster 0
1311,0.0,0.0,0.0,0.0,0.0,0.0,good,Cluster 0
1312,,,,,,,,Cluster 0
1313,0.0,0.0,0.0,0.0,0.0,0.0,good,Cluster 0
1314,,,,,,,,Cluster 0
1315,0.0,0.0,0.0,0.0,0.0,0.0,good,Cluster 0
1316,,,,,,,,Cluster 0
1317,0.0,0.0,0.0,0.0,0.0,0.0,good,Cluster 0
1318,,,,,,,,Cluster 0
1319,0.0,0.0,0.0,0.0,0.0,0.0,good,Cluster 0
1320,,,,,,,,Cluster 0
1321,0.0,0.0,0.0,0.0,0.0,0.0,good,Cluster 0
1322,,,,,,,,Cluster 0
1323,0.0,0.0,0.0,0.0,0.0,0.0,good,Cluster 0
1324,,,,,,,,Cluster 0
1325,0.0,0.0,0.0,0.0,0.0,0.0,good,Cluster 0
1326,,,,,,,,Cluster 0
1327,0.0,0.0,0.0,0.0,0.0,0.0,good,Cluster 0
1328,,,,,,,,Cluster 0
1329,0.0,0.0,0.0,0.0,0.0,0.0,good,Cluster 0
1330,,,,,,,,Cluster 0
1331,0.0,0.0,0.0,0.0,0.0,0.0,good,Cluster 0
1332,,,,,,,,Cluster 0
1333,0.0,0.0,0.0,0.0,0.0,0.0,good,Cluster 0
1334,,,,,,,,Cluster 0
1335,0.0,0.0,0.0,0.0,0.0,0.0,good,Cluster 0
1336,,,,,,,,Cluster 0
1337,0.0,0.0,0.0,0.0,0.0,0.0,good,Cluster 0
1338,,,,,,,,Cluster 0
1339,0.0,0.0,0.0,0.0,0.0,0.0,good,Cluster 0
1340,,,,,,,,Cluster 0
1341,0.0,0.0,0.0,0.0,0.0,0.0,good,Cluster 0
1342,,,,,,,,Cluster 0
1343,0.0,0.0,0.0,0.0,0.0,0.0,good,Cluster 0
1344,,,,,,,,Cluster 0
1345,0.0,0.0,0.0,0.0,0.0,0.0,good,Cluster 0
1346,,,,,,,,Cluster 0
1347,0.0,0.0,0.0,0.0,0.0,0.0,good,Cluster 0
1348,,,,,,,,Cluster 0
1349,0.0,0.0,0.0,0.0,0.0,0.0,good,Cluster 0
1350,,,,,,,,Cluster 0
1351,0.0,0.0,0.0,0.0,0.0,0.0,good,Cluster 0
1352,,,,,,,,Cluster 0
1353,0.0,0.0,0.0,0.0,0.0,0.0,good,Cluster 0
1354,,,,,,,,Cluster 0
1355,0.0,0.0,0.0,0.0,0.0,0.0,good,Cluster 0
1356,,,,,,,,Cluster 0
1357,0.0,0.0,0.0,0.0,0.0,0.0,good,Cluster 0
1358,,,,,,,,Cluster 0
1359,0.0,0.0,0.0,0.0,0.0,0.0,good,Cluster 0
1360,,,,,,,,Cluster 0
1361,0.0,0.0,0.0,0.0,0.0,0.0,good,Cluster 0
1362,,,,,,,,Cluster 0
1363,0.0,0.0,0.0,0.0,0.0,0.0,good,Cluster 0
1364,,,,,,,,Cluster 0
1365,0.0,0.0,0.0,0.0,0.0,0.0,good,Cluster 0
1366,,,,,,,,Cluster 0
1367,0.0,0.0,0.0,0.0,0.0,0.0,good,Cluster 0
1368,,,,,,,,Cluster 0
1369,0.0,0.0,0.0,0.0,0.0,0.0,good,Cluster 0
1370,,,,,,,,Cluster 0
1371,0.0,0.0,0.0,0.0,0.0,0.0,good,Cluster 0
1372,,,,,,,,Cluster 0
1373,0.0,0.0,0.0,0.0,0.0,0.0,good,Cluster 0
1374,,,,,,,,Cluster 0
1375,0.0,0.0,0.0,0.0,0.0,0.0,good,Cluster 0
1376,,,,,,,,Cluster 0
1377,0.0,0.0,0.0,0.0,0.0,0.0,good,Cluster 0
1378,,,,,,,,Cluster 0
1379,0.0,0.0,0.0,0.0,0.0,0.0,good,Cluster 0
1380,,,,,,,,Cluster 0
1381,0.0,0.0,0.0,0.0,0.0,0.0,good,Cluster 0
1382,,,,,,,,Cluster 0
1383,0.0,0.0,0.0,0.0,0.0,0.0,good,Cluster 0
1384,,,,,,,,Cluster 0
1385,0.0,0.0,0.0,0.0,0.0,0.0,good,Cluster 0
1386,,,,,,,,Cluster 0
1387,0.0,0.0,0.0,0.0,0.0,0.0,good,Cluster 0
1388,,,,,,,,Cluster 0
1389,0.0,0.0,0.0,0.0,0.0,0.0,good,Cluster 0
1390,,,,,,,,Cluster 0
1391,0.0,0.0,0.0,0.0,0.0,0.0,good,Cluster 0
1392,,,,,,,,Cluster 0
1393,0.0,0.0,0.0,0.0,0.0,0.0,good,Cluster 0
1394,,,,,,,,Cluster 0
1395,0.0,0.0,0.0,0.0,0.0,0.0,good,Cluster 0
1396,,,,,,,,Cluster 0
1397,0.0,0.0,0.0,0.0,0.0,0.0,good,Cluster 0
1398,,,,,,,,Cluster 0
1399,0.0,0.0,0.0,0.0,0.0,0.0,good,Cluster 0
1400,,,,,,,,Cluster 0
1401,0.0,0.0,0.0,0.0,0.0,0.0,good,Cluster 0
1402,,,,,,,,Cluster 0
1403,0.0,0.0,0.0,0.0,0.0,0.0,good,Cluster 0
1404,,,,,,,,Cluster 0
1405,0.0,0.0,0.0,0.0,0.0,0.0,good,Cluster 0
1406,,,,,,,,Cluster 0
1407,0.0,0.0,0.0,0.0,0.0,0.0,good,Cluster 0
1408,,,,,,,,Cluster 0
1409,0.0,0.0,0.0,0.0,0.0,0.0,good,Cluster 0
1410,,,,,,,,Cluster 0
1411,0.0,0.0,0.0,0.0,0.0,0.0,good,Cluster 0
1412,,,,,,,,Cluster 0
1413,0.0,0.0,0.0,0.0,0.0,0.0,good,Cluster 0
1414,,,,,,,,Cluster 0
1415,0.0,0.0,0.0,0.0,0.0,0.0,good,Cluster 0
1416,,,,,,,,Cluster 0
1417,0.0,0.0,0.0,0.0,0.0,0.0,good,Cluster 0
1418,,,,,,,,Cluster 0
1419,0.0,0.0,0.0,0.0,0.0,0.0,good,Cluster 0
1420,,,,,,,,Cluster 0
1421,0.0,0.0,0.0,0.0,0.0,0.0,good,Cluster 0
1422,,,,,,,,Cluster 0
1423,0.0,0.0,0.0,0.0,0.0,0.0,good,Cluster 0
1424,,,,,,,,Cluster 0
1425,0.0,0.0,0.0,0.0,0.0,0.0,good,Cluster 0
1426,,,,,,,,Cluster 0
1427,0.0,0.0,0.0,0.0,0.0,0.0,good,Cluster 0
1428,,,,,,,,Cluster 0
1429,0.0,0.0,0.0,0.0,0.0,0.0,good,Cluster 0
1430,,,,,,,,Cluster 0
1431,0.0,0.0,0.0,0.0,0.0,0.0,good,Cluster 0
1432,,,,,,,,Cluster 0
1433,0.0,0.0,0.0,0.0,0.0,0.0,good,Cluster 0
1434,,,,,,,,Cluster 0
1435,0.0,0.0,0.0,0.0,0.0,0.0,good,Cluster 0
1436,,,,,,,,Cluster 0
1437,0.0,0.0,0.0,0.0,0.0,0.0,good,Cluster 0
1438,,,,,,,,Cluster 0
1439,0.0,0.0,0.0,0.0,0.0,0.0,good,Cluster 0
1440,,,,,,,,Cluster 0
1441,0.0,0.0,0.0,0.0,0.0,0.0,good,Cluster 0
1442,,,,,,,,Cluster 0
1443,0.0,0.0,0.0,0.0,0.0,0.0,good,Cluster 0
1444,,,,,,,,Cluster 0
1445,0.0,0.0,0.0,0.0,0.0,0.0,good,Cluster 0
1446,,,,,,,,Cluster 0
1447,0.0,0.0,0.0,0.0,0.0,0.0,good,Cluster 0
1448,,,,,,,,Cluster 0
1449,0.0,0.0,0.0,0.0,0.0,0.0,good,Cluster 0
1450,,,,,,,,Cluster 0
1451,0.0,0.0,0.0,0.0,0.0,0.0,good,Cluster 0
1452,,,,,,,,Cluster 0
1453,0.0,0.0,0.0,0.0,0.0,0.0,good,Cluster 0
1454,,,,,,,,Cluster 0
1455,0.0,0.0,0.0,0.0,0.0,0.0,good,Cluster 0
1456,,,,,,,,Cluster 0
1457,0.0,0.0,0.0,0.0,0.0,0.0,good,Cluster 0
1458,,,,,,,,Cluster 0
1459,0.0,0.0,0.0,0.0,0.0,0.0,good,Cluster 0
1460,,,,,,,,Cluster 0
1461,0.0,0.0,0.0,0.0,0.0,0.0,good,Cluster 0
1462,,,,,,,,Cluster 0
1463,0.0,0.0,0.0,0.0,0.0,0.0,good,Cluster 0
1464,,,,,,,,Cluster 0
1465,0.0,0.0,0.0,0.0,0.0,0.0,good,Cluster 0
1466,,,,,,,,Cluster 0
1467,0.0,0.0,0.0,0.0,0.0,0.0,good,Cluster 0
1468,,,,,,,,Cluster 0
1469,0.0,0.0,0.0,0.0,0.0,0.0,good,Cluster 0
1470,,,,,,,,Cluster 0
1471,0.0,0.0,0.0,0.0,0.0,0.0,good,Cluster 0
1472,,,,,,,,Cluster 0
1473,0.0,0.0,0.0,0.0,0.0,0.0,good,Cluster 0
1474,,,,,,,,Cluster 0
1475,0.0,0.0,0.0,0.0,0.0,0.0,good,Cluster 0
1476,,,,,,,,Cluster 0
1477,0.0,0.0,0.0,0.0,0.0,0.0,good,Cluster 0
1478,,,,,,,,Cluster 0
1479,0.0,0.0,0.0,0.0,0.0,0.0,good,Cluster 0
1480,,,,,,,,Cluster 0
1481,0.0,0.0,0.0,0.0,0.0,0.0,good,Cluster 0
1482,,,,,,,,Cluster 0
1483,0.0,0.0,0.0,0.0,0.0,0.0,good,Cluster 0
1484,,,,,,,,Cluster 0
1485,0.0,0.0,0.0,0.0,0.0,0.0,good,Cluster 0
1486,,,,,,,,Cluster 0
1487,0.0,0.0,0.0,0.0,0.0,0.0,good,Cluster 0
1488,,,,,,,,Cluster 0
1489,0.0,0.0,0.0,0.0,0.0,0.0,good,Cluster 0
1490,,,,,,,,Cluster 0
1491,0.0,0.0,0.0,0.0,0.0,0.0,good,Cluster 0
